cod_depto,departamento,cod_mpio,municipio,region_natural,es_productor_destacado,es_territorio_nacional,ranking_produccion_depto,participacion_oferta_pct
25,CUNDINAMARCA,25001,AGUA DE DIOS,Andina,True,True,1,38.1
25,CUNDINAMARCA,25019,ALBAN,Andina,True,True,1,38.1
25,CUNDINAMARCA,25040,ANOLAIMA,Andina,True,True,1,38.1
25,CUNDINAMARCA,25053,ARBELAEZ,Andina,True,True,1,38.1
25,CUNDINAMARCA,25099,BOJACA,Andina,True,True,1,38.1
25,CUNDINAMARCA,25120,CABRERA,Andina,True,True,1,38.1
25,CUNDINAMARCA,25123,CACHIPAY,Andina,True,True,1,38.1
25,CUNDINAMARCA,25126,CAJICA,Andina,True,True,1,38.1
25,CUNDINAMARCA,25148,CAPARRAPI,Andina,True,True,1,38.1
25,CUNDINAMARCA,25151,CAQUEZA,Andina,True,True,1,38.1
25,CUNDINAMARCA,25154,CARMEN DE CARUPA,Andina,True,True,1,38.1
25,CUNDINAMARCA,25175,CHIA,Andina,True,True,1,38.1
25,CUNDINAMARCA,25178,CHIPAQUE,Andina,True,True,1,38.1
25,CUNDINAMARCA,25181,CHOACHI,Andina,True,True,1,38.1
25,CUNDINAMARCA,25183,CHOCONTA,Andina,True,True,1,38.1
25,CUNDINAMARCA,25200,COGUA,Andina,True,True,1,38.1
25,CUNDINAMARCA,25214,COTA,Andina,True,True,1,38.1
25,CUNDINAMARCA,25224,CUCUNUBA,Andina,True,True,1,38.1
25,CUNDINAMARCA,25245,EL COLEGIO,Andina,True,True,1,38.1
25,CUNDINAMARCA,25258,EL PENON,Andina,True,True,1,38.1
25,CUNDINAMARCA,25260,EL ROSAL,Andina,True,True,1,38.1
25,CUNDINAMARCA,25269,FACATATIVA,Andina,True,True,1,38.1
25,CUNDINAMARCA,25279,FOMEQUE,Andina,True,True,1,38.1
25,CUNDINAMARCA,25281,FOSCA,Andina,True,True,1,38.1
25,CUNDINAMARCA,25286,FUNZA,Andina,True,True,1,38.1
25,CUNDINAMARCA,25288,FUQUENE,Andina,True,True,1,38.1
25,CUNDINAMARCA,25290,FUSAGASUGA,Andina,True,True,1,38.1
25,CUNDINAMARCA,25293,GACHALA,Andina,True,True,1,38.1
25,CUNDINAMARCA,25295,GACHANCIPA,Andina,True,True,1,38.1
25,CUNDINAMARCA,25297,GACHETA,Andina,True,True,1,38.1
25,CUNDINAMARCA,25299,GAMA,Andina,True,True,1,38.1
25,CUNDINAMARCA,25312,GRANADA,Andina,True,True,1,38.1
25,CUNDINAMARCA,25317,GUACHETA,Andina,True,True,1,38.1
25,CUNDINAMARCA,25322,GUASCA,Andina,True,True,1,38.1
25,CUNDINAMARCA,25326,GUATAVITA,Andina,True,True,1,38.1
25,CUNDINAMARCA,25328,GUAYABAL DE SIQUIMA,Andina,True,True,1,38.1
25,CUNDINAMARCA,25335,GUAYABETAL,Andina,True,True,1,38.1
25,CUNDINAMARCA,25339,GUTIERREZ,Andina,True,True,1,38.1
25,CUNDINAMARCA,25372,JUNIN,Andina,True,True,1,38.1
25,CUNDINAMARCA,25377,LA CALERA,Andina,True,True,1,38.1
25,CUNDINAMARCA,25386,LA MESA,Andina,True,True,1,38.1
25,CUNDINAMARCA,25402,LA VEGA,Andina,True,True,1,38.1
25,CUNDINAMARCA,25407,LENGUAZAQUE,Andina,True,True,1,38.1
25,CUNDINAMARCA,25426,MACHETA,Andina,True,True,1,38.1
25,CUNDINAMARCA,25430,MADRID,Andina,True,True,1,38.1
25,CUNDINAMARCA,25436,MANTA,Andina,True,True,1,38.1
25,CUNDINAMARCA,25473,MOSQUERA,Andina,True,True,1,38.1
25,CUNDINAMARCA,25486,NEMOCON,Andina,True,True,1,38.1
25,CUNDINAMARCA,25506,VENECIA,Andina,True,True,1,38.1
25,CUNDINAMARCA,25513,PACHO,Andina,True,True,1,38.1
25,CUNDINAMARCA,25524,PANDI,Andina,True,True,1,38.1
25,CUNDINAMARCA,25535,PASCA,Andina,True,True,1,38.1
25,CUNDINAMARCA,25594,QUETAME,Andina,True,True,1,38.1
25,CUNDINAMARCA,25596,QUIPILE,Andina,True,True,1,38.1
25,CUNDINAMARCA,25599,APULO,Andina,True,True,1,38.1
25,CUNDINAMARCA,25649,SAN BERNARDO,Andina,True,True,1,38.1
25,CUNDINAMARCA,25653,SAN CAYETANO,Andina,True,True,1,38.1
25,CUNDINAMARCA,25658,SAN FRANCISCO,Andina,True,True,1,38.1
25,CUNDINAMARCA,25662,SAN JUAN DE RIOSECO,Andina,True,True,1,38.1
25,CUNDINAMARCA,25736,SESQUILE,Andina,True,True,1,38.1
25,CUNDINAMARCA,25740,SIBATE,Andina,True,True,1,38.1
25,CUNDINAMARCA,25743,SILVANIA,Andina,True,True,1,38.1
25,CUNDINAMARCA,25745,SIMIJACA,Andina,True,True,1,38.1
25,CUNDINAMARCA,25754,SOACHA,Andina,True,True,1,38.1
25,CUNDINAMARCA,25758,SOPO,Andina,True,True,1,38.1
25,CUNDINAMARCA,25769,SUBACHOQUE,Andina,True,True,1,38.1
25,CUNDINAMARCA,25772,SUESCA,Andina,True,True,1,38.1
25,CUNDINAMARCA,25777,SUPATA,Andina,True,True,1,38.1
25,CUNDINAMARCA,25779,SUSA,Andina,True,True,1,38.1
25,CUNDINAMARCA,25781,SUTATAUSA,Andina,True,True,1,38.1
25,CUNDINAMARCA,25785,TABIO,Andina,True,True,1,38.1
25,CUNDINAMARCA,25793,TAUSA,Andina,True,True,1,38.1
25,CUNDINAMARCA,25799,TENJO,Andina,True,True,1,38.1
25,CUNDINAMARCA,25805,TIBACUY,Andina,True,True,1,38.1
25,CUNDINAMARCA,25807,TIBIRITA,Andina,True,True,1,38.1
25,CUNDINAMARCA,25817,TOCANCIPA,Andina,True,True,1,38.1
25,CUNDINAMARCA,25839,UBALA,Andina,True,True,1,38.1
25,CUNDINAMARCA,25841,UBAQUE,Andina,True,True,1,38.1
25,CUNDINAMARCA,25843,VILLA DE SAN DIEGO DE UBATE,Andina,True,True,1,38.1
25,CUNDINAMARCA,25845,UNE,Andina,True,True,1,38.1
25,CUNDINAMARCA,25867,VIANI,Andina,True,True,1,38.1
25,CUNDINAMARCA,25871,VILLAGOMEZ,Andina,True,True,1,38.1
25,CUNDINAMARCA,25873,VILLAPINZON,Andina,True,True,1,38.1
25,CUNDINAMARCA,25875,VILLETA,Andina,True,True,1,38.1
25,CUNDINAMARCA,25878,VIOTA,Andina,True,True,1,38.1
25,CUNDINAMARCA,25898,ZIPACON,Andina,True,True,1,38.1
25,CUNDINAMARCA,25899,ZIPAQUIRA,Andina,True,True,1,38.1
15,BOYACA,15001,TUNJA,Andina,True,True,2,27.2
15,BOYACA,15022,ALMEIDA,Andina,True,True,2,27.2
15,BOYACA,15047,AQUITANIA,Andina,True,True,2,27.2
15,BOYACA,15051,ARCABUCO,Andina,True,True,2,27.2
15,BOYACA,15087,BELEN,Andina,True,True,2,27.2
15,BOYACA,15092,BETEITIVA,Andina,True,True,2,27.2
15,BOYACA,15104,BOYACA,Andina,True,True,2,27.2
15,BOYACA,15106,BRICENO,Andina,True,True,2,27.2
15,BOYACA,15109,BUENAVISTA,Andina,True,True,2,27.2
15,BOYACA,15114,BUSBANZA,Andina,True,True,2,27.2
15,BOYACA,15131,CALDAS,Andina,True,True,2,27.2
15,BOYACA,15162,CERINZA,Andina,True,True,2,27.2
15,BOYACA,15172,CHINAVITA,Andina,True,True,2,27.2
15,BOYACA,15176,CHIQUINQUIRA,Andina,True,True,2,27.2
15,BOYACA,15180,CHISCAS,Andina,True,True,2,27.2
15,BOYACA,15183,CHITA,Andina,True,True,2,27.2
15,BOYACA,15187,CHIVATA,Andina,True,True,2,27.2
15,BOYACA,15189,CIENEGA,Andina,True,True,2,27.2
15,BOYACA,15204,COMBITA,Andina,True,True,2,27.2
15,BOYACA,15215,CORRALES,Andina,True,True,2,27.2
15,BOYACA,15218,COVARACHIA,Andina,True,True,2,27.2
15,BOYACA,15224,CUCAITA,Andina,True,True,2,27.2
15,BOYACA,15226,CUITIVA,Andina,True,True,2,27.2
15,BOYACA,15232,CHIQUIZA,Andina,True,True,2,27.2
15,BOYACA,15236,CHIVOR,Andina,True,True,2,27.2
15,BOYACA,15238,DUITAMA,Andina,True,True,2,27.2
15,BOYACA,15244,EL COCUY,Andina,True,True,2,27.2
15,BOYACA,15248,EL ESPINO,Andina,True,True,2,27.2
15,BOYACA,15272,FIRAVITOBA,Andina,True,True,2,27.2
15,BOYACA,15276,FLORESTA,Andina,True,True,2,27.2
15,BOYACA,15293,GACHANTIVA,Andina,True,True,2,27.2
15,BOYACA,15296,GAMEZA,Andina,True,True,2,27.2
15,BOYACA,15299,GARAGOA,Andina,True,True,2,27.2
15,BOYACA,15317,GUACAMAYAS,Andina,True,True,2,27.2
15,BOYACA,15322,GUATEQUE,Andina,True,True,2,27.2
15,BOYACA,15325,GUAYATA,Andina,True,True,2,27.2
15,BOYACA,15332,GUICAN DE LA SIERRA,Andina,True,True,2,27.2
15,BOYACA,15362,IZA,Andina,True,True,2,27.2
15,BOYACA,15367,JENESANO,Andina,True,True,2,27.2
15,BOYACA,15368,JERICO,Andina,True,True,2,27.2
15,BOYACA,15377,LABRANZAGRANDE,Andina,True,True,2,27.2
15,BOYACA,15380,LA CAPILLA,Andina,True,True,2,27.2
15,BOYACA,15403,LA UVITA,Andina,True,True,2,27.2
15,BOYACA,15407,VILLA DE LEYVA,Andina,True,True,2,27.2
15,BOYACA,15425,MACANAL,Andina,True,True,2,27.2
15,BOYACA,15442,MARIPI,Andina,True,True,2,27.2
15,BOYACA,15464,MONGUA,Andina,True,True,2,27.2
15,BOYACA,15466,MONGUI,Andina,True,True,2,27.2
15,BOYACA,15469,MONIQUIRA,Andina,True,True,2,27.2
15,BOYACA,15476,MOTAVITA,Andina,True,True,2,27.2
15,BOYACA,15480,MUZO,Andina,True,True,2,27.2
15,BOYACA,15491,NOBSA,Andina,True,True,2,27.2
15,BOYACA,15494,NUEVO COLON,Andina,True,True,2,27.2
15,BOYACA,15500,OICATA,Andina,True,True,2,27.2
15,BOYACA,15511,PACHAVITA,Andina,True,True,2,27.2
15,BOYACA,15516,PAIPA,Andina,True,True,2,27.2
15,BOYACA,15518,PAJARITO,Andina,True,True,2,27.2
15,BOYACA,15522,PANQUEBA,Andina,True,True,2,27.2
15,BOYACA,15531,PAUNA,Andina,True,True,2,27.2
15,BOYACA,15537,PAZ DE RIO,Andina,True,True,2,27.2
15,BOYACA,15542,PESCA,Andina,True,True,2,27.2
15,BOYACA,15550,PISBA,Andina,True,True,2,27.2
15,BOYACA,15572,PUERTO BOYACA,Andina,True,True,2,27.2
15,BOYACA,15599,RAMIRIQUI,Andina,True,True,2,27.2
15,BOYACA,15600,RAQUIRA,Andina,True,True,2,27.2
15,BOYACA,15621,RONDON,Andina,True,True,2,27.2
15,BOYACA,15632,SABOYA,Andina,True,True,2,27.2
15,BOYACA,15638,SACHICA,Andina,True,True,2,27.2
15,BOYACA,15646,SAMACA,Andina,True,True,2,27.2
15,BOYACA,15664,SAN JOSE DE PARE,Andina,True,True,2,27.2
15,BOYACA,15676,SAN MIGUEL DE SEMA,Andina,True,True,2,27.2
15,BOYACA,15686,SANTANA,Andina,True,True,2,27.2
15,BOYACA,15693,SANTA ROSA DE VITERBO,Andina,True,True,2,27.2
15,BOYACA,15696,SANTA SOFIA,Andina,True,True,2,27.2
15,BOYACA,15720,SATIVANORTE,Andina,True,True,2,27.2
15,BOYACA,15723,SATIVASUR,Andina,True,True,2,27.2
15,BOYACA,15740,SIACHOQUE,Andina,True,True,2,27.2
15,BOYACA,15753,SOATA,Andina,True,True,2,27.2
15,BOYACA,15755,SOCOTA,Andina,True,True,2,27.2
15,BOYACA,15757,SOCHA,Andina,True,True,2,27.2
15,BOYACA,15759,SOGAMOSO,Andina,True,True,2,27.2
15,BOYACA,15761,SOMONDOCO,Andina,True,True,2,27.2
15,BOYACA,15762,SORA,Andina,True,True,2,27.2
15,BOYACA,15763,SOTAQUIRA,Andina,True,True,2,27.2
15,BOYACA,15764,SORACA,Andina,True,True,2,27.2
15,BOYACA,15774,SUSACON,Andina,True,True,2,27.2
15,BOYACA,15776,SUTAMARCHAN,Andina,True,True,2,27.2
15,BOYACA,15778,SUTATENZA,Andina,True,True,2,27.2
15,BOYACA,15790,TASCO,Andina,True,True,2,27.2
15,BOYACA,15798,TENZA,Andina,True,True,2,27.2
15,BOYACA,15804,TIBANA,Andina,True,True,2,27.2
15,BOYACA,15806,TIBASOSA,Andina,True,True,2,27.2
15,BOYACA,15808,TINJACA,Andina,True,True,2,27.2
15,BOYACA,15810,TIPACOQUE,Andina,True,True,2,27.2
15,BOYACA,15814,TOCA,Andina,True,True,2,27.2
15,BOYACA,15816,TOGUI,Andina,True,True,2,27.2
15,BOYACA,15820,TOPAGA,Andina,True,True,2,27.2
15,BOYACA,15822,TOTA,Andina,True,True,2,27.2
15,BOYACA,15832,TUNUNGUA,Andina,True,True,2,27.2
15,BOYACA,15835,TURMEQUE,Andina,True,True,2,27.2
15,BOYACA,15837,TUTA,Andina,True,True,2,27.2
15,BOYACA,15839,TUTAZA,Andina,True,True,2,27.2
15,BOYACA,15842,UMBITA,Andina,True,True,2,27.2
15,BOYACA,15861,VENTAQUEMADA,Andina,True,True,2,27.2
15,BOYACA,15879,VIRACACHA,Andina,True,True,2,27.2
15,BOYACA,15897,ZETAQUIRA,Andina,True,True,2,27.2
52,NARINO,52001,PASTO,Andina,True,True,3,19.8
52,NARINO,52019,ALBAN,Andina,True,True,3,19.8
52,NARINO,52022,ALDANA,Andina,True,True,3,19.8
52,NARINO,52036,ANCUYA,Andina,True,True,3,19.8
52,NARINO,52083,BELEN,Andina,True,True,3,19.8
52,NARINO,52110,BUESACO,Andina,True,True,3,19.8
52,NARINO,52207,CONSACA,Andina,True,True,3,19.8
52,NARINO,52210,CONTADERO,Andina,True,True,3,19.8
52,NARINO,52215,CORDOBA,Andina,True,True,3,19.8
52,NARINO,52224,CUASPUD CARLOSAMA,Andina,True,True,3,19.8
52,NARINO,52227,CUMBAL,Andina,True,True,3,19.8
52,NARINO,52233,CUMBITARA,Andina,True,True,3,19.8
52,NARINO,52240,CHACHAGUI,Andina,True,True,3,19.8
52,NARINO,52254,EL PENOL,Andina,True,True,3,19.8
52,NARINO,52258,EL TABLON DE GOMEZ,Andina,True,True,3,19.8
52,NARINO,52260,EL TAMBO,Andina,True,True,3,19.8
52,NARINO,52287,FUNES,Andina,True,True,3,19.8
52,NARINO,52317,GUACHUCAL,Andina,True,True,3,19.8
52,NARINO,52320,GUAITARILLA,Andina,True,True,3,19.8
52,NARINO,52323,GUALMATAN,Andina,True,True,3,19.8
52,NARINO,52352,ILES,Andina,True,True,3,19.8
52,NARINO,52354,IMUES,Andina,True,True,3,19.8
52,NARINO,52356,IPIALES,Andina,True,True,3,19.8
52,NARINO,52378,LA CRUZ,Andina,True,True,3,19.8
52,NARINO,52381,LA FLORIDA,Andina,True,True,3,19.8
52,NARINO,52385,LA LLANADA,Andina,True,True,3,19.8
52,NARINO,52399,LA UNION (NAR),Andina,True,True,3,19.8
52,NARINO,52418,LOS ANDES,Andina,True,True,3,19.8
52,NARINO,52435,MALLAMA,Andina,True,True,3,19.8
52,NARINO,52473,MOSQUERA,Andina,True,True,3,19.8
52,NARINO,52480,NARINO,Andina,True,True,3,19.8
52,NARINO,52490,OLAYA HERRERA,Andina,True,True,3,19.8
52,NARINO,52506,OSPINA,Andina,True,True,3,19.8
52,NARINO,52560,POTOSI,Andina,True,True,3,19.8
52,NARINO,52565,PROVIDENCIA,Andina,True,True,3,19.8
52,NARINO,52573,PUERRES,Andina,True,True,3,19.8
52,NARINO,52585,PUPIALES,Andina,True,True,3,19.8
52,NARINO,52612,RICAURTE,Andina,True,True,3,19.8
52,NARINO,52678,SAMANIEGO,Andina,True,True,3,19.8
52,NARINO,52683,SANDONA,Andina,True,True,3,19.8
52,NARINO,52685,SAN BERNARDO,Andina,True,True,3,19.8
52,NARINO,52693,SAN PABLO,Andina,True,True,3,19.8
52,NARINO,52694,SAN PEDRO DE CARTAGO,Andina,True,True,3,19.8
52,NARINO,52699,SANTACRUZ,Andina,True,True,3,19.8
52,NARINO,52720,SAPUYES,Andina,True,True,3,19.8
52,NARINO,52786,TAMINANGO,Andina,True,True,3,19.8
52,NARINO,52788,TANGUA,Andina,True,True,3,19.8
52,NARINO,52835,SAN ANDRES DE TUMACO,Andina,True,True,3,19.8
52,NARINO,52838,TUQUERRES,Andina,True,True,3,19.8
52,NARINO,52885,YACUANQUER,Andina,True,True,3,19.8
05,ANTIOQUIA,05001,MEDELLIN,Andina,True,True,4,5.8
05,ANTIOQUIA,05002,ABEJORRAL,Andina,True,True,4,5.8
05,ANTIOQUIA,05004,ABRIAQUI,Andina,True,True,4,5.8
05,ANTIOQUIA,05030,AMAGA,Andina,True,True,4,5.8
05,ANTIOQUIA,05045,APARTADO,Andina,True,True,4,5.8
05,ANTIOQUIA,05079,BARBOSA,Andina,True,True,4,5.8
05,ANTIOQUIA,05086,BELMIRA,Andina,True,True,4,5.8
05,ANTIOQUIA,05088,BELLO,Andina,True,True,4,5.8
05,ANTIOQUIA,05093,BETULIA,Andina,True,True,4,5.8
05,ANTIOQUIA,05113,BURITICA,Andina,True,True,4,5.8
05,ANTIOQUIA,05129,CALDAS,Andina,True,True,4,5.8
05,ANTIOQUIA,05148,EL CARMEN DE VIBORAL,Andina,True,True,4,5.8
05,ANTIOQUIA,05172,CHIGORODO,Andina,True,True,4,5.8
05,ANTIOQUIA,05197,COCORNA,Andina,True,True,4,5.8
05,ANTIOQUIA,05206,CONCEPCION,Andina,True,True,4,5.8
05,ANTIOQUIA,05212,COPACABANA,Andina,True,True,4,5.8
05,ANTIOQUIA,05234,DABEIBA,Andina,True,True,4,5.8
05,ANTIOQUIA,05237,DONMATIAS,Andina,True,True,4,5.8
05,ANTIOQUIA,05264,ENTRERRIOS,Andina,True,True,4,5.8
05,ANTIOQUIA,05266,ENVIGADO,Andina,True,True,4,5.8
05,ANTIOQUIA,05284,FRONTINO,Andina,True,True,4,5.8
05,ANTIOQUIA,05306,GIRALDO,Andina,True,True,4,5.8
05,ANTIOQUIA,05308,GIRARDOTA,Andina,True,True,4,5.8
05,ANTIOQUIA,05313,GRANADA,Andina,True,True,4,5.8
05,ANTIOQUIA,05318,GUARNE,Andina,True,True,4,5.8
05,ANTIOQUIA,05360,ITAGUI,Andina,True,True,4,5.8
05,ANTIOQUIA,05364,JARDIN,Andina,True,True,4,5.8
05,ANTIOQUIA,05376,LA CEJA,Andina,True,True,4,5.8
05,ANTIOQUIA,05390,LA PINTADA,Andina,True,True,4,5.8
05,ANTIOQUIA,05400,LA UNION,Andina,True,True,4,5.8
05,ANTIOQUIA,05440,MARINILLA,Andina,True,True,4,5.8
05,ANTIOQUIA,05467,MONTEBELLO,Andina,True,True,4,5.8
05,ANTIOQUIA,05541,PENOL,Andina,True,True,4,5.8
05,ANTIOQUIA,05607,RETIRO,Andina,True,True,4,5.8
05,ANTIOQUIA,05615,RIONEGRO,Andina,True,True,4,5.8
05,ANTIOQUIA,05647,SAN ANDRES DE CUERQUIA,Andina,True,True,4,5.8
05,ANTIOQUIA,05658,SAN JOSE DE LA MONTANA,Andina,True,True,4,5.8
05,ANTIOQUIA,05664,SAN PEDRO DE LOS MILAGROS,Andina,True,True,4,5.8
05,ANTIOQUIA,05674,SAN VICENTE FERRER,Andina,True,True,4,5.8
05,ANTIOQUIA,05686,SANTA ROSA DE OSOS,Andina,True,True,4,5.8
05,ANTIOQUIA,05697,EL SANTUARIO,Andina,True,True,4,5.8
05,ANTIOQUIA,05756,SONSON,Andina,True,True,4,5.8
05,ANTIOQUIA,05837,TURBO,Andina,True,True,4,5.8
05,ANTIOQUIA,05847,URRAO,Andina,True,True,4,5.8
05,ANTIOQUIA,05887,YARUMAL,Andina,True,True,4,5.8
68,SANTANDER,68001,BUCARAMANGA,Andina,True,True,5,2.8
68,SANTANDER,68013,AGUADA,Andina,True,True,5,2.8
68,SANTANDER,68020,ALBANIA,Andina,True,True,5,2.8
68,SANTANDER,68077,BARBOSA,Andina,True,True,5,2.8
68,SANTANDER,68101,BOLIVAR,Andina,True,True,5,2.8
68,SANTANDER,68132,CALIFORNIA,Andina,True,True,5,2.8
68,SANTANDER,68147,CAPITANEJO,Andina,True,True,5,2.8
68,SANTANDER,68152,CARCASI,Andina,True,True,5,2.8
68,SANTANDER,68160,CEPITA,Andina,True,True,5,2.8
68,SANTANDER,68162,CERRITO,Andina,True,True,5,2.8
68,SANTANDER,68169,CHARTA,Andina,True,True,5,2.8
68,SANTANDER,68207,CONCEPCION,Andina,True,True,5,2.8
68,SANTANDER,68245,EL GUACAMAYO,Andina,True,True,5,2.8
68,SANTANDER,68264,ENCINO,Andina,True,True,5,2.8
68,SANTANDER,68266,ENCISO,Andina,True,True,5,2.8
68,SANTANDER,68271,FLORIAN,Andina,True,True,5,2.8
68,SANTANDER,68276,FLORIDABLANCA,Andina,True,True,5,2.8
68,SANTANDER,68298,GAMBITA,Andina,True,True,5,2.8
68,SANTANDER,68307,GIRON,Andina,True,True,5,2.8
68,SANTANDER,68318,GUACA,Andina,True,True,5,2.8
68,SANTANDER,68368,JESUS MARIA,Andina,True,True,5,2.8
68,SANTANDER,68377,LA BELLEZA,Andina,True,True,5,2.8
68,SANTANDER,68385,LANDAZURI,Andina,True,True,5,2.8
68,SANTANDER,68406,LEBRIJA,Andina,True,True,5,2.8
68,SANTANDER,68418,LOS SANTOS,Andina,True,True,5,2.8
68,SANTANDER,68432,MALAGA,Andina,True,True,5,2.8
68,SANTANDER,68444,MATANZA,Andina,True,True,5,2.8
68,SANTANDER,68464,MOGOTES,Andina,True,True,5,2.8
68,SANTANDER,68468,MOLAGAVITA,Andina,True,True,5,2.8
68,SANTANDER,68502,ONZAGA,Andina,True,True,5,2.8
68,SANTANDER,68533,PARAMO,Andina,True,True,5,2.8
68,SANTANDER,68547,PIEDECUESTA,Andina,True,True,5,2.8
68,SANTANDER,68572,PUENTE NACIONAL,Andina,True,True,5,2.8
68,SANTANDER,68615,RIONEGRO,Andina,True,True,5,2.8
68,SANTANDER,68669,SAN ANDRES,Andina,True,True,5,2.8
68,SANTANDER,68679,SAN GIL,Andina,True,True,5,2.8
68,SANTANDER,68682,SAN JOAQUIN,Andina,True,True,5,2.8
68,SANTANDER,68684,SAN JOSE DE MIRANDA,Andina,True,True,5,2.8
68,SANTANDER,68689,SAN VICENTE DE CHUCURI,Andina,True,True,5,2.8
68,SANTANDER,68705,SANTA BARBARA,Andina,True,True,5,2.8
68,SANTANDER,68755,SOCORRO,Andina,True,True,5,2.8
68,SANTANDER,68773,SUCRE,Andina,True,True,5,2.8
68,SANTANDER,68780,SURATA,Andina,True,True,5,2.8
68,SANTANDER,68820,TONA,Andina,True,True,5,2.8
68,SANTANDER,68861,VELEZ,Andina,True,True,5,2.8
68,SANTANDER,68867,VETAS,Andina,True,True,5,2.8
68,SANTANDER,68895,ZAPATOCA,Andina,True,True,5,2.8
19,CAUCA,19001,POPAYAN,Pacífica / Andina,True,True,6,1.9
19,CAUCA,19022,ALMAGUER,Pacífica / Andina,True,True,6,1.9
19,CAUCA,19050,ARGELIA,Pacífica / Andina,True,True,6,1.9
19,CAUCA,19100,BOLIVAR,Pacífica / Andina,True,True,6,1.9
19,CAUCA,19137,CALDONO,Pacífica / Andina,True,True,6,1.9
19,CAUCA,19212,CORINTO,Pacífica / Andina,True,True,6,1.9
19,CAUCA,19256,EL TAMBO,Pacífica / Andina,True,True,6,1.9
19,CAUCA,19355,INZA,Pacífica / Andina,True,True,6,1.9
19,CAUCA,19364,JAMBALO,Pacífica / Andina,True,True,6,1.9
19,CAUCA,19397,LA VEGA,Pacífica / Andina,True,True,6,1.9
19,CAUCA,19473,MORALES,Pacífica / Andina,True,True,6,1.9
19,CAUCA,19513,PADILLA,Pacífica / Andina,True,True,6,1.9
19,CAUCA,19517,PAEZ,Pacífica / Andina,True,True,6,1.9
19,CAUCA,19585,PURACE,Pacífica / Andina,True,True,6,1.9
19,CAUCA,19622,ROSAS,Pacífica / Andina,True,True,6,1.9
19,CAUCA,19693,SAN SEBASTIAN,Pacífica / Andina,True,True,6,1.9
19,CAUCA,19701,SANTA ROSA,Pacífica / Andina,True,True,6,1.9
19,CAUCA,19743,SILVIA,Pacífica / Andina,True,True,6,1.9
19,CAUCA,19760,SOTARA PAISPAMBA,Pacífica / Andina,True,True,6,1.9
19,CAUCA,19807,TIMBIO,Pacífica / Andina,True,True,6,1.9
19,CAUCA,19821,TORIBIO,Pacífica / Andina,True,True,6,1.9
19,CAUCA,19824,TOTORO,Pacífica / Andina,True,True,6,1.9
73,TOLIMA,73001,IBAGUE,Andina,True,True,7,1.5
73,TOLIMA,73024,ALPUJARRA,Andina,True,True,7,1.5
73,TOLIMA,73043,ANZOATEGUI,Andina,True,True,7,1.5
73,TOLIMA,73124,CAJAMARCA,Andina,True,True,7,1.5
73,TOLIMA,73152,CASABIANCA,Andina,True,True,7,1.5
73,TOLIMA,73268,ESPINAL,Andina,True,True,7,1.5
73,TOLIMA,73283,FRESNO,Andina,True,True,7,1.5
73,TOLIMA,73319,GUAMO,Andina,True,True,7,1.5
73,TOLIMA,73347,HERVEO,Andina,True,True,7,1.5
73,TOLIMA,73352,ICONONZO,Andina,True,True,7,1.5
73,TOLIMA,73411,LIBANO,Andina,True,True,7,1.5
73,TOLIMA,73443,SAN SEBASTIAN DE MARIQUITA,Andina,True,True,7,1.5
73,TOLIMA,73461,MURILLO,Andina,True,True,7,1.5
73,TOLIMA,73483,NATAGAIMA,Andina,True,True,7,1.5
73,TOLIMA,73622,RONCESVALLES,Andina,True,True,7,1.5
73,TOLIMA,73624,ROVIRA,Andina,True,True,7,1.5
73,TOLIMA,73675,SAN ANTONIO,Andina,True,True,7,1.5
73,TOLIMA,73686,SANTA ISABEL,Andina,True,True,7,1.5
73,TOLIMA,73870,VILLAHERMOSA,Andina,True,True,7,1.5
54,NORTE DE SANTANDER,54001,SAN JOSE DE CUCUTA,Andina,True,True,8,1.2
54,NORTE DE SANTANDER,54003,ABREGO,Andina,True,True,8,1.2
54,NORTE DE SANTANDER,54051,ARBOLEDAS,Andina,True,True,8,1.2
54,NORTE DE SANTANDER,54099,BOCHALEMA,Andina,True,True,8,1.2
54,NORTE DE SANTANDER,54125,CACOTA,Andina,True,True,8,1.2
54,NORTE DE SANTANDER,54128,CACHIRA,Andina,True,True,8,1.2
54,NORTE DE SANTANDER,54172,CHINACOTA,Andina,True,True,8,1.2
54,NORTE DE SANTANDER,54174,CHITAGA,Andina,True,True,8,1.2
54,NORTE DE SANTANDER,54223,CUCUTILLA,Andina,True,True,8,1.2
54,NORTE DE SANTANDER,54347,HERRAN,Andina,True,True,8,1.2
54,NORTE DE SANTANDER,54377,LABATECA,Andina,True,True,8,1.2
54,NORTE DE SANTANDER,54480,MUTISCUA,Andina,True,True,8,1.2
54,NORTE DE SANTANDER,54498,OCANA,Andina,True,True,8,1.2
54,NORTE DE SANTANDER,54518,PAMPLONA,Andina,True,True,8,1.2
54,NORTE DE SANTANDER,54520,PAMPLONITA,Andina,True,True,8,1.2
54,NORTE DE SANTANDER,54599,RAGONVALIA,Andina,True,True,8,1.2
54,NORTE DE SANTANDER,54743,SILOS,Andina,True,True,8,1.2
54,NORTE DE SANTANDER,54820,TOLEDO,Andina,True,True,8,1.2
54,NORTE DE SANTANDER,54871,VILLA CARO,Andina,True,True,8,1.2
17,CALDAS,17001,MANIZALES,Andina,True,True,9,0.8
17,CALDAS,17013,AGUADAS,Andina,True,True,9,0.8
17,CALDAS,17042,ANSERMA,Andina,True,True,9,0.8
17,CALDAS,17088,BELALCAZAR,Andina,True,True,9,0.8
17,CALDAS,17174,CHINCHINA,Andina,True,True,9,0.8
17,CALDAS,17446,MARULANDA,Andina,True,True,9,0.8
17,CALDAS,17486,NEIRA,Andina,True,True,9,0.8
17,CALDAS,17513,PACORA,Andina,True,True,9,0.8
17,CALDAS,17541,PENSILVANIA,Andina,True,True,9,0.8
17,CALDAS,17614,RIOSUCIO,Andina,True,True,9,0.8
17,CALDAS,17653,SALAMINA,Andina,True,True,9,0.8
17,CALDAS,17665,SAN JOSE,Andina,True,True,9,0.8
17,CALDAS,17873,VILLAMARIA,Andina,True,True,9,0.8
76,VALLE DEL CAUCA,76001,CALI,Andina,False,True,10,0.5
76,VALLE DEL CAUCA,76109,BUENAVENTURA,Andina,False,True,10,0.5
76,VALLE DEL CAUCA,76111,GUADALAJARA DE BUGA,Andina,False,True,10,0.5
76,VALLE DEL CAUCA,76113,BUGALAGRANDE,Andina,False,True,10,0.5
76,VALLE DEL CAUCA,76130,CANDELARIA,Andina,False,True,10,0.5
76,VALLE DEL CAUCA,76233,DAGUA,Andina,False,True,10,0.5
76,VALLE DEL CAUCA,76248,EL CERRITO,Andina,False,True,10,0.5
76,VALLE DEL CAUCA,76250,EL DOVIO,Andina,False,True,10,0.5
76,VALLE DEL CAUCA,76275,FLORIDA,Andina,False,True,10,0.5
76,VALLE DEL CAUCA,76400,LA UNION (VAL),Andina,False,True,10,0.5
76,VALLE DEL CAUCA,76520,PALMIRA,Andina,False,True,10,0.5
76,VALLE DEL CAUCA,76563,PRADERA,Andina,False,True,10,0.5
76,VALLE DEL CAUCA,76606,RESTREPO,Andina,False,True,10,0.5
76,VALLE DEL CAUCA,76622,ROLDANILLO,Andina,False,True,10,0.5
76,VALLE DEL CAUCA,76736,SEVILLA,Andina,False,True,10,0.5
76,VALLE DEL CAUCA,76834,TULUA,Andina,False,True,10,0.5
00,OTRO,00152,CHILE,Otras Regiones,False,False,99,0.1
00,OTRO,00218,ECUADOR,Otras Regiones,False,False,99,0.1
00,OTRO,00604,PERU,Otras Regiones,False,False,99,0.1
08,ATLANTICO,08001,BARRANQUILLA,Caribe,False,True,99,0.1
11,"BOGOTA, D. C.",11001,"BOGOTA, D.C.",Andina (Distrito Capital),False,True,99,0.1
13,BOLIVAR,13006,ACHI,Caribe,False,True,99,0.1
18,CAQUETA,18205,CURILLO,Otras Regiones,False,True,99,0.1
18,CAQUETA,18753,SAN VICENTE DEL CAGUAN,Otras Regiones,False,True,99,0.1
20,CESAR,20011,AGUACHICA,Caribe,False,True,99,0.1
20,CESAR,20621,LA PAZ,Caribe,False,True,99,0.1
20,CESAR,20750,SAN DIEGO,Caribe,False,True,99,0.1
23,CORDOBA,23001,MONTERIA,Caribe,False,True,99,0.1
23,CORDOBA,23162,CERETE,Caribe,False,True,99,0.1
23,CORDOBA,23417,LORICA,Caribe,False,True,99,0.1
23,CORDOBA,23675,SAN BERNARDO DEL VIENTO,Caribe,False,True,99,0.1
27,CHOCO,27099,BOJAYA,Otras Regiones,False,True,99,0.1
41,HUILA,41001,NEIVA,Andina,True,True,99,0.1
41,HUILA,41006,ACEVEDO,Andina,True,True,99,0.1
41,HUILA,41020,ALGECIRAS,Andina,True,True,99,0.1
41,HUILA,41078,BARAYA,Andina,True,True,99,0.1
41,HUILA,41206,COLOMBIA,Andina,True,True,99,0.1
41,HUILA,41298,GARZON,Andina,True,True,99,0.1
41,HUILA,41306,GIGANTE,Andina,True,True,99,0.1
41,HUILA,41319,GUADALUPE,Andina,True,True,99,0.1
41,HUILA,41359,ISNOS,Andina,True,True,99,0.1
41,HUILA,41396,LA PLATA,Andina,True,True,99,0.1
41,HUILA,41530,PALESTINA,Andina,True,True,99,0.1
41,HUILA,41551,PITALITO,Andina,True,True,99,0.1
41,HUILA,41668,SAN AGUSTIN,Andina,True,True,99,0.1
41,HUILA,41676,SANTA MARIA,Andina,True,True,99,0.1
41,HUILA,41770,SUAZA,Andina,True,True,99,0.1
41,HUILA,41807,TIMANA,Andina,True,True,99,0.1
47,MAGDALENA,47030,ALGARROBO,Caribe,False,True,99,0.1
50,META,50001,VILLAVICENCIO,Otras Regiones,False,True,99,0.1
50,META,50287,FUENTE DE ORO,Otras Regiones,False,True,99,0.1
50,META,50313,GRANADA,Otras Regiones,False,True,99,0.1
50,META,50400,LEJANIAS,Otras Regiones,False,True,99,0.1
50,META,50689,SAN MARTIN,Otras Regiones,False,True,99,0.1
63,QUINDIO,63001,ARMENIA,Andina,False,True,99,0.1
63,QUINDIO,63212,CORDOBA,Andina,False,True,99,0.1
63,QUINDIO,63690,SALENTO,Andina,False,True,99,0.1
66,RISARALDA,66001,PEREIRA,Andina,False,True,99,0.1
66,RISARALDA,66088,BELEN DE UMBRIA,Andina,False,True,99,0.1
66,RISARALDA,66170,DOSQUEBRADAS,Andina,False,True,99,0.1
66,RISARALDA,66594,QUINCHIA,Andina,False,True,99,0.1
66,RISARALDA,66687,SANTUARIO,Andina,False,True,99,0.1
70,SUCRE,70110,BUENAVISTA,Caribe,False,True,99,0.1
81,ARAUCA,81001,ARAUCA,Otras Regiones,False,True,99,0.1
81,ARAUCA,81736,SARAVENA,Otras Regiones,False,True,99,0.1
85,CASANARE,85136,LA SALINA,Otras Regiones,False,True,99,0.1
86,PUTUMAYO,86571,PUERTO GUZMAN,Otras Regiones,False,True,99,0.1
86,PUTUMAYO,86749,SIBUNDOY,Otras Regiones,False,True,99,0.1
86,PUTUMAYO,86755,SAN FRANCISCO,Otras Regiones,False,True,99,0.1
86,PUTUMAYO,86760,SANTIAGO,Otras Regiones,False,True,99,0.1
91,AMAZONAS,91263,EL ENCANTO,Otras Regiones,False,True,99,0.1
94,GUAINIA,94343,BARRANCO MINAS,Otras Regiones,False,True,99,0.1
97,VAUPES,97161,CARURU,Otras Regiones,False,True,99,0.1
