fecha,id_tiempo,año,mes,nombre_mes,mes_corto,año_mes,trimestre,año_trimestre,semestre,año_semestre,periodo_agricola,orden_año_mes
2019-01-01,20190101,2019,1,Enero,JAN,2019-01,T1,2019-T1,S1,2019-S1,2019A,201901
2019-02-01,20190201,2019,2,Febrero,FEB,2019-02,T1,2019-T1,S1,2019-S1,2019A,201902
2019-03-01,20190301,2019,3,Marzo,MAR,2019-03,T1,2019-T1,S1,2019-S1,2019A,201903
2019-04-01,20190401,2019,4,Abril,APR,2019-04,T2,2019-T2,S1,2019-S1,2019A,201904
2019-05-01,20190501,2019,5,Mayo,MAY,2019-05,T2,2019-T2,S1,2019-S1,2019A,201905
2019-06-01,20190601,2019,6,Junio,JUN,2019-06,T2,2019-T2,S1,2019-S1,2019A,201906
2019-07-01,20190701,2019,7,Julio,JUL,2019-07,T3,2019-T3,S2,2019-S2,2019B,201907
2019-08-01,20190801,2019,8,Agosto,AUG,2019-08,T3,2019-T3,S2,2019-S2,2019B,201908
2019-09-01,20190901,2019,9,Septiembre,SEP,2019-09,T3,2019-T3,S2,2019-S2,2019B,201909
2019-10-01,20191001,2019,10,Octubre,OCT,2019-10,T4,2019-T4,S2,2019-S2,2019B,201910
2019-11-01,20191101,2019,11,Noviembre,NOV,2019-11,T4,2019-T4,S2,2019-S2,2019B,201911
2019-12-01,20191201,2019,12,Diciembre,DEC,2019-12,T4,2019-T4,S2,2019-S2,2019B,201912
2020-01-01,20200101,2020,1,Enero,JAN,2020-01,T1,2020-T1,S1,2020-S1,2020A,202001
2020-02-01,20200201,2020,2,Febrero,FEB,2020-02,T1,2020-T1,S1,2020-S1,2020A,202002
2020-03-01,20200301,2020,3,Marzo,MAR,2020-03,T1,2020-T1,S1,2020-S1,2020A,202003
2020-04-01,20200401,2020,4,Abril,APR,2020-04,T2,2020-T2,S1,2020-S1,2020A,202004
2020-05-01,20200501,2020,5,Mayo,MAY,2020-05,T2,2020-T2,S1,2020-S1,2020A,202005
2020-06-01,20200601,2020,6,Junio,JUN,2020-06,T2,2020-T2,S1,2020-S1,2020A,202006
2020-07-01,20200701,2020,7,Julio,JUL,2020-07,T3,2020-T3,S2,2020-S2,2020B,202007
2020-08-01,20200801,2020,8,Agosto,AUG,2020-08,T3,2020-T3,S2,2020-S2,2020B,202008
2020-09-01,20200901,2020,9,Septiembre,SEP,2020-09,T3,2020-T3,S2,2020-S2,2020B,202009
2020-10-01,20201001,2020,10,Octubre,OCT,2020-10,T4,2020-T4,S2,2020-S2,2020B,202010
2020-11-01,20201101,2020,11,Noviembre,NOV,2020-11,T4,2020-T4,S2,2020-S2,2020B,202011
2020-12-01,20201201,2020,12,Diciembre,DEC,2020-12,T4,2020-T4,S2,2020-S2,2020B,202012
2021-01-01,20210101,2021,1,Enero,JAN,2021-01,T1,2021-T1,S1,2021-S1,2021A,202101
2021-02-01,20210201,2021,2,Febrero,FEB,2021-02,T1,2021-T1,S1,2021-S1,2021A,202102
2021-03-01,20210301,2021,3,Marzo,MAR,2021-03,T1,2021-T1,S1,2021-S1,2021A,202103
2021-04-01,20210401,2021,4,Abril,APR,2021-04,T2,2021-T2,S1,2021-S1,2021A,202104
2021-05-01,20210501,2021,5,Mayo,MAY,2021-05,T2,2021-T2,S1,2021-S1,2021A,202105
2021-06-01,20210601,2021,6,Junio,JUN,2021-06,T2,2021-T2,S1,2021-S1,2021A,202106
2021-07-01,20210701,2021,7,Julio,JUL,2021-07,T3,2021-T3,S2,2021-S2,2021B,202107
2021-08-01,20210801,2021,8,Agosto,AUG,2021-08,T3,2021-T3,S2,2021-S2,2021B,202108
2021-09-01,20210901,2021,9,Septiembre,SEP,2021-09,T3,2021-T3,S2,2021-S2,2021B,202109
2021-10-01,20211001,2021,10,Octubre,OCT,2021-10,T4,2021-T4,S2,2021-S2,2021B,202110
2021-11-01,20211101,2021,11,Noviembre,NOV,2021-11,T4,2021-T4,S2,2021-S2,2021B,202111
2021-12-01,20211201,2021,12,Diciembre,DEC,2021-12,T4,2021-T4,S2,2021-S2,2021B,202112
2022-01-01,20220101,2022,1,Enero,JAN,2022-01,T1,2022-T1,S1,2022-S1,2022A,202201
2022-02-01,20220201,2022,2,Febrero,FEB,2022-02,T1,2022-T1,S1,2022-S1,2022A,202202
2022-03-01,20220301,2022,3,Marzo,MAR,2022-03,T1,2022-T1,S1,2022-S1,2022A,202203
2022-04-01,20220401,2022,4,Abril,APR,2022-04,T2,2022-T2,S1,2022-S1,2022A,202204
2022-05-01,20220501,2022,5,Mayo,MAY,2022-05,T2,2022-T2,S1,2022-S1,2022A,202205
2022-06-01,20220601,2022,6,Junio,JUN,2022-06,T2,2022-T2,S1,2022-S1,2022A,202206
2022-07-01,20220701,2022,7,Julio,JUL,2022-07,T3,2022-T3,S2,2022-S2,2022B,202207
2022-08-01,20220801,2022,8,Agosto,AUG,2022-08,T3,2022-T3,S2,2022-S2,2022B,202208
2022-09-01,20220901,2022,9,Septiembre,SEP,2022-09,T3,2022-T3,S2,2022-S2,2022B,202209
2022-10-01,20221001,2022,10,Octubre,OCT,2022-10,T4,2022-T4,S2,2022-S2,2022B,202210
2022-11-01,20221101,2022,11,Noviembre,NOV,2022-11,T4,2022-T4,S2,2022-S2,2022B,202211
2022-12-01,20221201,2022,12,Diciembre,DEC,2022-12,T4,2022-T4,S2,2022-S2,2022B,202212
2023-01-01,20230101,2023,1,Enero,JAN,2023-01,T1,2023-T1,S1,2023-S1,2023A,202301
2023-02-01,20230201,2023,2,Febrero,FEB,2023-02,T1,2023-T1,S1,2023-S1,2023A,202302
2023-03-01,20230301,2023,3,Marzo,MAR,2023-03,T1,2023-T1,S1,2023-S1,2023A,202303
2023-04-01,20230401,2023,4,Abril,APR,2023-04,T2,2023-T2,S1,2023-S1,2023A,202304
2023-05-01,20230501,2023,5,Mayo,MAY,2023-05,T2,2023-T2,S1,2023-S1,2023A,202305
2023-06-01,20230601,2023,6,Junio,JUN,2023-06,T2,2023-T2,S1,2023-S1,2023A,202306
2023-07-01,20230701,2023,7,Julio,JUL,2023-07,T3,2023-T3,S2,2023-S2,2023B,202307
2023-08-01,20230801,2023,8,Agosto,AUG,2023-08,T3,2023-T3,S2,2023-S2,2023B,202308
2023-09-01,20230901,2023,9,Septiembre,SEP,2023-09,T3,2023-T3,S2,2023-S2,2023B,202309
2023-10-01,20231001,2023,10,Octubre,OCT,2023-10,T4,2023-T4,S2,2023-S2,2023B,202310
2023-11-01,20231101,2023,11,Noviembre,NOV,2023-11,T4,2023-T4,S2,2023-S2,2023B,202311
2023-12-01,20231201,2023,12,Diciembre,DEC,2023-12,T4,2023-T4,S2,2023-S2,2023B,202312
2024-01-01,20240101,2024,1,Enero,JAN,2024-01,T1,2024-T1,S1,2024-S1,2024A,202401
2024-02-01,20240201,2024,2,Febrero,FEB,2024-02,T1,2024-T1,S1,2024-S1,2024A,202402
2024-03-01,20240301,2024,3,Marzo,MAR,2024-03,T1,2024-T1,S1,2024-S1,2024A,202403
2024-04-01,20240401,2024,4,Abril,APR,2024-04,T2,2024-T2,S1,2024-S1,2024A,202404
2024-05-01,20240501,2024,5,Mayo,MAY,2024-05,T2,2024-T2,S1,2024-S1,2024A,202405
2024-06-01,20240601,2024,6,Junio,JUN,2024-06,T2,2024-T2,S1,2024-S1,2024A,202406
2024-07-01,20240701,2024,7,Julio,JUL,2024-07,T3,2024-T3,S2,2024-S2,2024B,202407
2024-08-01,20240801,2024,8,Agosto,AUG,2024-08,T3,2024-T3,S2,2024-S2,2024B,202408
2024-09-01,20240901,2024,9,Septiembre,SEP,2024-09,T3,2024-T3,S2,2024-S2,2024B,202409
2024-10-01,20241001,2024,10,Octubre,OCT,2024-10,T4,2024-T4,S2,2024-S2,2024B,202410
2024-11-01,20241101,2024,11,Noviembre,NOV,2024-11,T4,2024-T4,S2,2024-S2,2024B,202411
2024-12-01,20241201,2024,12,Diciembre,DEC,2024-12,T4,2024-T4,S2,2024-S2,2024B,202412
2025-01-01,20250101,2025,1,Enero,JAN,2025-01,T1,2025-T1,S1,2025-S1,2025A,202501
2025-02-01,20250201,2025,2,Febrero,FEB,2025-02,T1,2025-T1,S1,2025-S1,2025A,202502
2025-03-01,20250301,2025,3,Marzo,MAR,2025-03,T1,2025-T1,S1,2025-S1,2025A,202503
2025-04-01,20250401,2025,4,Abril,APR,2025-04,T2,2025-T2,S1,2025-S1,2025A,202504
2025-05-01,20250501,2025,5,Mayo,MAY,2025-05,T2,2025-T2,S1,2025-S1,2025A,202505
2025-06-01,20250601,2025,6,Junio,JUN,2025-06,T2,2025-T2,S1,2025-S1,2025A,202506
2025-07-01,20250701,2025,7,Julio,JUL,2025-07,T3,2025-T3,S2,2025-S2,2025B,202507
2025-08-01,20250801,2025,8,Agosto,AUG,2025-08,T3,2025-T3,S2,2025-S2,2025B,202508
2025-09-01,20250901,2025,9,Septiembre,SEP,2025-09,T3,2025-T3,S2,2025-S2,2025B,202509
2025-10-01,20251001,2025,10,Octubre,OCT,2025-10,T4,2025-T4,S2,2025-S2,2025B,202510
2025-11-01,20251101,2025,11,Noviembre,NOV,2025-11,T4,2025-T4,S2,2025-S2,2025B,202511
2025-12-01,20251201,2025,12,Diciembre,DEC,2025-12,T4,2025-T4,S2,2025-S2,2025B,202512
