id_mercado,mercado_mayorista,cod_mpio,nombre_mpio,cod_depto,nombre_depto,tipo_hub_logistico
1,"CALI, CAVASA",05001,MEDELLIN,05,ANTIOQUIA,Hub Metropolitano Estratégico
2,"MEDELLIN, CENTRAL MAYORISTA DE ANTIOQUIA",05001,MEDELLIN,05,ANTIOQUIA,Hub Metropolitano Estratégico
3,"MONTERIA, MERCADO DEL SUR",05001,MEDELLIN,05,ANTIOQUIA,Central Mayorista Regional
5,"MEDELLIN, PLAZA MINORISTA JOSE MARIA VILLA",05002,ABEJORRAL,05,ANTIOQUIA,Central Mayorista Regional
13,"BARRANQUILLA, GRANABASTOS",05440,MARINILLA,05,ANTIOQUIA,Central Mayorista Regional
14,"CARTAGENA, BAZURTO",05440,MARINILLA,05,ANTIOQUIA,Central Mayorista Regional
18,"PEREIRA, MERCASA",05440,MARINILLA,05,ANTIOQUIA,Central Mayorista Regional
19,"SINCELEJO, NUEVO MERCADO",05541,PENOL,05,ANTIOQUIA,Central Mayorista Regional
37,"ARMENIA, MERCAR",11001,"BOGOTA, D.C.",11,"BOGOTA, D. C.",Central Mayorista Regional
38,"BOGOTA, D.C., CORABASTOS",11001,"BOGOTA, D.C.",11,"BOGOTA, D. C.",Hub Metropolitano Estratégico
39,"BOGOTA, D.C., PALOQUEMAO",11001,"BOGOTA, D.C.",11,"BOGOTA, D. C.",Central Mayorista Regional
40,"BUCARAMANGA, CENTROABASTOS",11001,"BOGOTA, D.C.",11,"BOGOTA, D. C.",Central Mayorista Regional
42,"IBAGUE, PLAZA LA 21",11001,"BOGOTA, D.C.",11,"BOGOTA, D. C.",Central Mayorista Regional
43,"MANIZALES, CENTRO GALERIAS",11001,"BOGOTA, D.C.",11,"BOGOTA, D. C.",Central Mayorista Regional
46,"NEIVA, SURABASTOS",11001,"BOGOTA, D.C.",11,"BOGOTA, D. C.",Hub Metropolitano Estratégico
48,"TUNJA, COMPLEJO DE SERVICIOS DEL SUR",11001,"BOGOTA, D.C.",11,"BOGOTA, D. C.",Central Mayorista Regional
49,"VILLAVICENCIO, CAV",11001,"BOGOTA, D.C.",11,"BOGOTA, D. C.",Central Mayorista Regional
50,"BARRANQUILLA, BARRANQUILLITA",15001,TUNJA,15,BOYACA,Central Mayorista Regional
56,"CUCUTA, CENABASTOS",15001,TUNJA,15,BOYACA,Central Mayorista Regional
63,SANTA MARTA MAGDALENA,15001,TUNJA,15,BOYACA,Central Mayorista Regional
66,"VALLEDUPAR, MERCABASTOS",15001,TUNJA,15,BOYACA,Central Mayorista Regional
67,"VALLEDUPAR, MERCADO NUEVO",15001,TUNJA,15,BOYACA,Central Mayorista Regional
155,"CALI, SANTA HELENA",19001,POPAYAN,19,CAUCA,Central Mayorista Regional
156,"POPAYAN, PLAZA DE MERCADO DEL BARRIO BOLIVAR",19585,PURACE,19,CAUCA,Central Mayorista Regional
171,"BOGOTA, D.C., PLAZA SAMPER MENDOZA",25178,CHIPAQUE,25,CUNDINAMARCA,Central Mayorista Regional
286,"PASTO, EL POTRERILLO",52001,PASTO,52,NARINO,Central Mayorista Regional
288,"IPIALES NARINO, CENTRO DE ACOPIO",52019,ALBAN,52,NARINO,Central Mayorista Regional
428,"BOGOTA, D.C., PLAZA LAS FLORES",25183,CHOCONTA,25,CUNDINAMARCA,Central Mayorista Regional
524,"CUCUTA, LA NUEVA SEXTA",54480,MUTISCUA,54,NORTE DE SANTANDER,Central Mayorista Regional
1083,"CALI, SANTA ELENA",11001,"BOGOTA, D.C.",11,"BOGOTA, D. C.",Central Mayorista Regional
1340,FLORENCIA CAQUETA,11001,"BOGOTA, D.C.",11,"BOGOTA, D.C.",Central Mayorista Regional
1341,"PEREIRA, LA 41",11001,"BOGOTA, D.C.",11,"BOGOTA, D.C.",Central Mayorista Regional
1343,"TIBASOSA BOYACA, COOMPRORIENTE",15001,TUNJA,15,BOYACA,Central Mayorista Regional
1669,"PEREIRA, LA 41-IMPALA",05001,MEDELLIN,05,ANTIOQUIA,Central Mayorista Regional
